user_id,datetime,time_of_day,wpm,rawWpm,acc,consistency,restartCount,testDuration,afkDuration,incompleteTestSeconds,correct_characters,incorrect_characters,extra_characters,missed_characters
1,2025-08-14 06:22:23.020,morning,80.8,83.2,97.16,75.24,0,30.0,0,0.0,202,1,0,1
1,2025-08-14 05:58:05.000,morning,89.99,91.59,98.26,78.88,0,30.0,0,0.0,225,2,0,0
1,2025-08-14 05:56:35.000,morning,75.6,82.79,96.63,75.6,1,30.0,0,4.45,189,3,0,1
1,2025-08-14 05:54:46.000,morning,89.99,89.99,98.68,75.83,1,30.0,0,7.3,225,0,0,0
1,2025-08-13 17:40:48.000,evening,74.0,76.4,96.45,74.92,1,30.0,0,17.58,185,1,0,0
1,2025-08-13 17:39:42.000,evening,75.19,75.19,98.43,69.52,0,30.01,0,0.0,188,0,0,0
1,2025-08-13 17:39:08.000,evening,74.4,76.4,96.43,77.39,0,30.0,0,0.0,186,1,0,0
1,2025-08-13 17:38:34.000,evening,74.0,78.8,95.54,70.82,0,30.0,0,0.0,185,3,1,0
1,2025-08-13 17:37:25.000,evening,72.4,74.0,97.34,73.0,0,30.0,0,0.0,181,1,0,0
1,2025-08-13 17:36:51.000,evening,70.39,76.39,93.03,67.96,0,30.0,0,0.0,176,3,1,0
1,2025-08-13 17:34:03.000,evening,80.79,80.79,98.06,78.49,1,30.0,0,10.75,202,0,0,0
1,2025-08-13 16:49:41.000,afternoon,75.2,76.8,96.92,71.98,0,30.0,0,0.0,188,1,1,0
1,2025-08-13 16:49:06.000,afternoon,68.4,70.8,95.6,65.71,0,30.0,0,0.0,171,2,0,0
1,2025-08-13 16:48:32.000,afternoon,69.6,74.8,96.88,67.08,0,30.0,0,0.0,174,0,0,3
1,2025-08-13 16:39:15.000,afternoon,88.39,90.39,98.67,82.95,0,30.0,0,0.0,221,2,0,0
1,2025-08-13 15:51:27.000,afternoon,77.58,79.58,98.01,81.06,0,30.01,0,0.0,194,1,0,0
1,2025-08-13 15:43:33.000,afternoon,81.19,83.19,98.1,78.81,0,30.0,0,0.0,203,1,0,0
1,2025-08-13 15:42:12.000,afternoon,83.6,83.6,99.06,77.2,0,30.0,0,0.0,209,0,0,0
1,2025-08-13 14:40:44.000,afternoon,80.36,82.36,98.07,70.93,2,30.01,0,26.11,201,2,0,0
1,2025-08-13 12:05:37.000,afternoon,80.79,80.79,96.65,69.78,0,30.0,0,0.0,202,0,0,0
1,2025-08-13 06:43:00.000,morning,82.79,87.19,96.82,77.64,2,30.0,0,21.35,207,3,1,0
1,2025-08-13 06:37:23.000,morning,78.79,78.79,98.99,73.46,0,30.0,0,0.0,197,0,0,0
1,2025-08-13 06:32:44.000,morning,66.79,76.39,90.67,68.74,1,30.0,0,2.82,167,7,5,0
1,2025-08-12 16:25:12.000,afternoon,79.57,79.57,99.5,77.31,2,30.01,0,45.87,199,0,0,0
1,2025-08-12 16:23:42.000,afternoon,75.59,77.19,97.45,74.47,2,30.0,0,24.96,189,1,0,0
1,2025-08-12 16:22:27.000,afternoon,76.39,76.39,95.98,69.73,0,30.0,0,0.0,191,0,0,0
1,2025-08-12 16:13:34.000,afternoon,69.99,72.79,95.19,73.26,0,30.01,0,0.0,175,2,1,0
1,2025-08-12 16:13:01.000,afternoon,70.38,73.57,96.28,60.09,0,30.01,2,0.0,176,2,0,0
1,2025-08-12 16:06:51.000,afternoon,78.39,78.39,99.49,71.73,0,30.0,0,0.0,196,0,0,0
1,2025-08-12 16:04:27.000,afternoon,66.8,73.2,92.55,71.18,0,30.0,0,0.0,167,5,2,0
1,2025-08-12 16:03:54.000,afternoon,63.2,68.0,94.32,72.97,1,30.0,0,13.34,158,1,0,2
1,2025-08-12 15:52:01.000,afternoon,71.59,77.19,96.43,72.41,0,30.0,0,0.0,179,3,0,1
1,2025-08-12 15:51:26.000,afternoon,77.97,77.97,98.98,75.86,1,30.01,0,11.58,195,0,0,0
1,2025-08-12 15:50:13.000,afternoon,59.98,67.17,91.86,73.38,1,30.01,0,25.76,150,5,2,0
1,2025-08-12 15:45:21.000,afternoon,85.99,85.99,100.0,86.01,0,30.0,0,0.0,215,0,0,0
1,2025-08-12 12:43:02.000,afternoon,77.99,77.99,96.53,70.82,0,30.0,0,0.0,195,0,0,0
1,2025-08-11 18:15:48.000,evening,81.18,83.18,98.09,82.43,0,30.01,0,0.0,203,2,0,0
1,2025-08-11 17:04:02.000,evening,88.78,89.98,98.67,85.5,1,30.01,0,15.65,222,2,0,0
1,2025-08-11 16:56:26.000,afternoon,84.0,87.6,97.3,79.78,0,30.0,0,0.0,210,2,0,0
1,2025-08-11 16:55:31.000,afternoon,71.59,72.79,94.76,67.19,0,30.0,0,0.0,179,0,1,0
1,2025-08-11 16:54:50.000,afternoon,77.99,77.99,98.48,76.01,0,30.0,0,0.0,195,0,0,0
1,2025-08-11 16:53:34.000,afternoon,82.4,82.4,98.1,73.92,0,30.0,0,0.0,206,0,0,0
1,2025-08-11 14:01:20.000,afternoon,72.79,77.59,94.47,74.33,1,30.0,0,10.73,182,0,5,0
1,2025-08-11 13:21:53.000,afternoon,74.0,83.19,94.34,69.45,0,30.0,0,0.0,185,4,0,1
1,2025-08-11 13:03:37.000,afternoon,70.79,75.99,93.94,71.1,0,30.01,0,0.0,177,1,1,0
1,2025-08-11 12:46:22.000,afternoon,91.19,91.19,100.0,83.85,0,30.0,0,0.0,228,0,0,0
1,2025-08-11 12:26:47.000,afternoon,87.59,91.59,97.82,81.32,0,30.0,0,0.0,219,2,1,0
1,2025-08-10 16:54:47.000,afternoon,73.18,76.78,95.98,71.8,0,30.01,0,0.0,183,0,0,2
1,2025-08-10 16:54:15.000,afternoon,67.96,73.56,94.68,73.64,1,30.02,0,15.15,170,4,0,0
1,2025-08-10 16:53:11.000,afternoon,85.6,88.0,98.64,83.75,0,30.0,0,0.0,214,1,0,0
1,2025-08-10 16:52:05.000,afternoon,71.6,76.8,97.42,70.46,0,30.0,0,0.0,179,2,0,1
1,2025-08-10 16:51:31.000,afternoon,76.78,81.18,96.12,77.52,1,30.01,0,3.11,192,2,1,0
1,2025-08-10 16:48:53.000,afternoon,72.79,78.39,96.45,74.62,0,30.01,0,0.0,182,2,1,1
1,2025-08-10 16:48:05.000,afternoon,75.17,80.77,95.67,70.46,1,30.01,0,23.68,188,2,0,1
1,2025-08-10 16:46:46.000,afternoon,73.6,76.39,98.45,75.69,0,30.0,0,0.0,184,0,0,1
1,2025-08-10 13:23:36.000,afternoon,75.99,83.59,95.24,77.87,0,30.0,0,0.0,190,4,2,0
1,2025-08-10 09:11:33.000,morning,76.0,80.0,94.17,72.18,0,30.0,0,0.0,190,4,0,0
1,2025-08-10 08:21:27.000,morning,76.37,81.57,96.08,72.0,0,30.01,0,0.0,191,6,0,0
1,2025-08-10 07:57:53.000,morning,79.98,79.98,98.04,75.28,1,30.01,0,8.95,200,0,0,0
1,2025-08-09 17:36:27.000,evening,72.77,80.77,94.61,77.73,0,30.01,0,0.0,182,5,1,0
1,2025-08-09 17:21:45.000,evening,71.59,73.59,96.86,73.26,0,30.0,0,0.0,179,0,0,1
1,2025-08-09 17:21:11.000,evening,73.56,76.36,96.91,69.93,0,30.02,0,0.0,184,2,0,0
1,2025-08-09 17:20:34.000,evening,82.8,86.0,98.16,80.55,2,30.0,0,27.04,207,1,0,0
1,2025-08-09 14:40:26.000,afternoon,71.2,74.4,97.35,73.08,0,30.0,0,0.0,178,1,0,0
1,2025-08-09 14:38:12.000,afternoon,72.37,80.76,93.66,75.2,2,30.01,0,21.09,181,6,1,0
1,2025-08-09 14:21:13.000,afternoon,70.4,72.0,95.19,64.7,2,30.0,0,44.16,176,2,1,0
1,2025-08-09 14:04:53.000,afternoon,79.99,79.99,96.62,70.69,0,30.0,0,0.0,200,0,0,0
1,2025-08-08 17:33:34.000,evening,74.8,80.8,95.65,74.53,2,30.0,0,43.53,187,3,0,0
1,2025-08-08 07:49:59.000,morning,75.99,77.99,96.0,72.8,0,30.0,0,0.0,190,2,0,0
1,2025-08-08 07:32:57.000,morning,82.0,82.0,98.56,80.67,1,30.0,0,28.0,205,0,0,0
1,2025-08-08 07:31:51.000,morning,75.6,76.4,98.96,72.76,0,30.0,0,0.0,189,0,0,1
1,2025-08-08 07:31:16.000,morning,68.79,71.59,94.62,75.93,2,30.0,0,35.34,172,2,0,0
1,2025-08-08 07:29:53.000,morning,79.17,79.17,98.02,69.1,0,30.01,0,0.0,198,0,0,0
1,2025-08-07 17:17:43.000,evening,81.99,81.99,98.09,79.88,0,30.0,0,0.0,205,0,0,0
1,2025-08-07 17:16:01.000,evening,70.8,74.0,96.83,71.86,2,30.0,0,29.48,177,1,0,0
1,2025-08-07 17:12:47.000,evening,76.79,79.99,98.02,74.58,0,30.0,0,0.0,192,1,0,0
1,2025-08-07 17:12:12.000,evening,81.2,81.2,100.0,81.83,0,30.0,0,0.0,203,0,0,0
1,2025-08-07 17:11:39.000,evening,74.0,74.0,95.85,72.0,0,30.0,0,0.0,185,0,0,0
1,2025-08-07 17:10:54.000,evening,67.99,69.19,96.05,71.86,0,30.0,0,0.0,170,2,0,0
1,2025-08-07 17:10:20.000,evening,75.59,78.39,98.48,73.01,0,30.0,0,0.0,189,0,0,1
1,2025-08-07 15:18:02.000,afternoon,74.0,77.2,95.98,75.54,3,30.0,0,31.52,185,1,0,0
1,2025-08-07 15:16:20.000,afternoon,67.19,73.59,96.76,80.77,2,30.01,0,24.98,168,2,0,1
1,2025-08-07 15:15:05.000,afternoon,79.57,80.77,99.01,80.29,0,30.01,0,0.0,199,0,0,1
1,2025-08-07 15:14:32.000,afternoon,76.38,76.38,98.45,76.81,1,30.01,0,5.65,191,0,0,0
1,2025-08-07 15:13:38.000,afternoon,75.99,75.99,99.48,74.84,0,30.0,0,0.0,190,0,0,0
1,2025-08-07 15:12:59.000,afternoon,72.8,74.8,98.4,73.0,0,30.0,0,0.0,182,1,0,0
1,2025-08-07 15:12:26.000,afternoon,69.99,73.59,97.85,78.2,0,30.0,0,0.0,175,0,0,2
1,2025-08-07 14:30:31.000,afternoon,79.59,79.59,99.0,79.19,1,30.0,0,8.02,199,0,0,0
1,2025-08-07 13:54:17.000,afternoon,68.4,74.4,93.75,73.98,0,30.0,0,0.0,171,3,1,0
1,2025-08-07 09:06:27.000,morning,77.59,77.59,98.98,69.72,0,30.0,0,0.0,194,0,0,0
1,2025-08-07 08:43:44.000,morning,78.4,78.4,95.61,69.06,0,30.0,0,0.0,196,0,0,0
1,2025-08-07 08:32:50.000,morning,70.8,73.6,94.18,73.39,1,30.0,0,26.67,177,5,1,0
1,2025-08-07 08:27:59.000,morning,79.6,79.6,99.0,80.29,1,30.0,0,16.04,199,0,0,0
1,2025-08-07 08:16:23.000,morning,87.59,90.39,96.96,75.18,2,30.0,0,28.42,219,2,0,0
1,2025-08-07 07:58:25.000,morning,80.39,80.39,97.1,78.07,0,30.0,0,0.0,201,0,0,0
1,2025-08-07 07:16:17.000,morning,78.39,78.39,96.57,75.57,0,30.0,0,0.0,196,0,0,0
1,2025-08-07 05:15:04.000,morning,74.37,79.97,97.01,72.17,0,30.01,0,0.0,186,3,0,1
1,2025-08-06 17:29:08.000,evening,76.39,82.79,97.6,77.06,8,30.0,0,114.23,191,2,0,0
1,2025-08-06 17:17:43.000,evening,75.2,80.8,98.03,81.83,1,30.0,0,7.18,188,1,0,1
1,2025-08-06 17:03:45.000,evening,79.99,79.99,99.01,77.99,0,30.0,0,0.0,200,0,0,0
1,2025-08-06 17:03:11.000,evening,67.6,72.8,95.24,75.02,2,30.0,0,17.04,169,0,0,3
1,2025-08-06 17:01:56.000,evening,69.98,76.78,96.37,71.15,0,30.01,0,0.0,175,3,0,1
1,2025-08-06 17:01:21.000,evening,78.78,78.78,99.5,74.51,0,30.01,0,0.0,197,0,0,0
1,2025-08-06 16:57:10.000,afternoon,79.99,81.19,99.02,77.41,1,30.0,0,5.34,200,0,0,1
1,2025-08-06 16:56:25.000,afternoon,80.4,80.4,100.0,79.92,1,30.0,0,23.96,201,0,0,0
1,2025-08-06 16:54:26.000,afternoon,66.0,72.0,96.15,74.85,0,30.0,0,0.0,165,3,0,1
1,2025-08-06 16:53:53.000,afternoon,74.0,74.0,98.41,72.77,1,30.0,0,16.98,185,0,0,0
1,2025-08-06 16:52:57.000,afternoon,72.4,74.8,97.37,72.86,2,30.0,0,19.64,181,1,0,0
1,2025-08-06 16:51:41.000,afternoon,66.4,68.8,94.97,67.2,0,30.0,0,0.0,166,1,1,0
1,2025-08-06 16:51:08.000,afternoon,69.99,71.19,96.72,70.27,1,30.0,0,8.04,175,0,0,1
1,2025-08-06 16:50:21.000,afternoon,73.59,75.59,98.42,74.11,1,30.0,0,2.43,184,1,0,0
1,2025-08-06 16:49:29.000,afternoon,72.4,76.8,95.38,81.91,0,30.0,0,0.0,181,3,1,1
1,2025-08-06 15:18:07.000,afternoon,73.19,74.79,97.89,71.66,2,30.01,0,44.51,183,0,0,1
1,2025-08-06 13:59:24.000,afternoon,86.39,86.39,98.63,79.64,1,30.0,0,15.89,216,0,0,0
1,2025-08-06 13:58:31.000,afternoon,67.19,73.59,95.21,74.62,2,30.0,0,10.06,168,2,0,2
1,2025-08-06 13:22:11.000,afternoon,77.59,79.59,98.01,70.11,0,30.0,0,0.0,194,1,0,0
1,2025-08-06 12:56:21.000,afternoon,78.4,78.4,99.49,79.31,0,30.0,0,0.0,196,0,0,0
1,2025-08-06 12:44:49.000,afternoon,76.0,77.6,96.45,77.87,1,30.0,0,19.57,190,2,1,0
1,2025-08-06 09:25:06.000,morning,80.4,82.8,98.56,76.76,0,30.0,0,0.0,201,1,0,0
1,2025-08-06 09:09:40.000,morning,83.97,86.37,98.17,79.92,4,30.01,0,46.38,210,0,1,0
1,2025-08-06 08:47:32.000,morning,72.79,72.79,97.85,69.29,0,30.0,0,0.0,182,0,0,0
1,2025-08-06 08:46:56.000,morning,78.79,78.79,98.02,75.47,2,30.0,0,1.68,197,0,0,0
1,2025-08-06 08:39:34.000,morning,73.97,75.17,99.47,71.78,1,30.01,0,26.65,185,0,0,1
1,2025-08-06 08:38:31.000,morning,78.39,82.39,97.58,77.75,1,30.0,0,4.29,196,2,0,1
1,2025-08-06 08:37:40.000,morning,70.8,72.8,98.37,75.92,1,30.0,0,22.6,177,0,0,1
1,2025-08-06 08:36:31.000,morning,75.19,75.19,97.44,69.56,1,30.0,0,10.63,188,0,0,0
1,2025-08-06 08:35:24.000,morning,79.19,80.79,99.02,79.77,5,30.0,0,76.51,198,0,0,1
1,2025-08-06 08:33:11.000,morning,74.0,76.0,97.93,77.06,0,30.0,0,0.0,185,0,0,1
1,2025-08-06 08:32:37.000,morning,77.19,77.19,97.97,72.57,1,30.01,0,8.98,193,0,0,0
1,2025-08-06 07:31:55.000,morning,82.37,82.37,98.1,77.26,0,30.01,0,0.0,206,0,0,0
1,2025-08-05 16:02:50.000,afternoon,73.58,75.18,97.92,67.83,0,30.01,1,0.0,184,0,0,1
1,2025-08-05 15:58:22.000,afternoon,78.4,78.4,100.0,74.78,3,30.0,0,30.62,196,0,0,0
1,2025-08-05 15:50:28.000,afternoon,68.39,71.59,96.24,70.44,0,30.01,0,0.0,171,1,0,0
1,2025-08-05 15:49:21.000,afternoon,75.2,78.4,97.96,82.44,0,30.0,0,0.0,188,3,0,0
1,2025-08-05 14:32:00.000,afternoon,70.79,72.39,97.83,71.22,0,30.0,0,0.0,177,0,0,1
1,2025-08-05 14:31:17.000,afternoon,69.99,69.99,97.77,73.86,0,30.0,0,0.0,175,0,0,0
1,2025-08-05 14:30:37.000,afternoon,69.6,72.8,95.24,71.56,0,30.0,0,0.0,174,1,0,0
1,2025-08-05 14:08:15.000,afternoon,73.2,75.2,98.94,75.65,0,30.0,0,0.0,183,1,0,0
1,2025-08-05 14:03:37.000,afternoon,75.6,78.8,96.53,72.9,0,30.0,0,0.0,189,1,0,0
1,2025-08-04 18:08:52.000,evening,75.19,76.79,96.91,79.36,2,30.01,0,28.42,188,2,1,0
1,2025-08-04 17:45:33.000,evening,74.4,79.2,98.48,79.08,0,30.0,0,0.0,186,1,0,2
1,2025-08-04 17:29:13.000,evening,73.6,78.4,96.98,72.62,0,30.0,0,0.0,184,1,0,1
1,2025-08-04 15:43:40.000,afternoon,79.59,82.39,97.6,77.06,0,30.0,0,0.0,199,1,0,2
1,2025-08-04 15:27:06.000,afternoon,80.0,80.0,97.56,78.93,1,30.0,0,0.92,200,0,0,0
1,2025-08-04 13:40:07.000,afternoon,72.37,74.37,98.4,74.29,1,30.01,0,0.52,181,0,0,1
1,2025-08-04 12:28:17.000,afternoon,69.59,70.79,96.2,69.43,1,30.0,0,19.28,174,0,0,1
1,2025-08-04 12:19:23.000,afternoon,82.0,82.0,99.03,77.75,0,30.0,0,0.0,205,0,0,0
1,2025-08-04 11:35:22.000,morning,71.59,78.39,95.0,71.98,1,30.0,0,0.05,179,3,0,1
1,2025-08-04 11:02:31.000,morning,85.2,85.2,99.53,83.52,0,30.0,0,0.0,213,0,0,0
1,2025-08-04 10:25:05.000,morning,77.99,77.99,98.98,72.85,0,30.0,0,0.0,195,0,0,0
1,2025-08-04 09:49:12.000,morning,77.98,82.38,97.6,77.99,1,30.01,0,20.05,195,1,0,1
1,2025-08-04 09:26:21.000,morning,78.79,83.99,97.16,83.8,1,30.0,0,16.52,197,3,0,0
1,2025-08-04 09:20:32.000,morning,75.96,79.16,96.55,75.37,0,30.01,0,0.0,190,1,0,0
1,2025-08-04 06:28:37.000,morning,85.19,85.19,99.07,78.36,0,30.0,0,0.0,213,0,0,0
1,2025-08-04 06:18:48.000,morning,72.38,75.98,96.91,71.56,0,30.01,0,0.0,181,0,0,2
1,2025-08-04 06:12:12.000,morning,75.99,79.19,97.03,74.87,1,30.0,0,7.24,190,1,0,1
1,2025-08-03 16:14:27.000,afternoon,73.57,77.57,95.45,72.45,1,30.01,0,9.92,184,4,0,0
1,2025-08-03 16:04:12.000,afternoon,74.39,77.59,96.0,69.92,3,30.0,0,25.92,186,1,0,0
1,2025-08-03 13:56:57.000,afternoon,83.19,83.19,99.05,80.14,1,30.0,0,3.22,208,0,0,0
1,2025-08-03 13:19:19.000,afternoon,76.79,76.79,98.47,72.41,1,30.0,0,6.48,192,0,0,0
1,2025-08-03 12:03:02.000,afternoon,70.39,71.99,96.72,74.13,4,30.0,0,22.37,176,2,0,1
1,2025-08-03 12:01:29.000,afternoon,79.58,82.38,98.07,81.92,2,30.01,0,6.18,199,2,0,0
1,2025-08-03 11:48:47.000,morning,78.79,78.79,99.49,80.6,3,30.0,0,13.71,197,0,0,0
1,2025-08-03 11:46:37.000,morning,76.8,80.0,98.51,81.86,3,30.0,0,21.42,192,1,0,0
1,2025-08-03 11:07:43.000,morning,75.98,80.78,97.54,81.04,0,30.01,0,0.0,190,1,1,0
1,2025-08-03 11:07:09.000,morning,73.17,81.17,93.27,72.65,0,30.01,0,0.0,183,5,1,0
1,2025-08-03 09:43:57.000,morning,75.99,75.99,97.94,73.9,3,30.0,0,4.3,190,0,0,0
1,2025-08-03 09:18:17.000,morning,81.6,81.6,99.03,82.47,2,30.0,0,36.17,204,0,0,0
1,2025-08-03 09:08:28.000,morning,83.6,83.6,99.05,78.76,0,30.0,0,0.0,209,0,0,0
1,2025-08-03 08:58:36.000,morning,79.99,79.99,98.53,75.87,2,30.0,0,17.17,200,0,0,0
1,2025-08-03 08:31:15.000,morning,71.6,76.4,95.92,78.09,0,30.0,0,0.0,179,2,0,1
1,2025-08-03 08:30:41.000,morning,77.6,80.4,96.57,75.87,4,30.0,0,43.64,194,1,1,1
1,2025-08-03 08:28:22.000,morning,66.39,71.19,96.15,65.71,2,30.01,0,18.54,166,1,0,1
1,2025-08-03 08:27:20.000,morning,67.6,75.2,92.78,74.83,2,30.0,0,7.41,169,5,0,0
1,2025-08-03 07:56:51.000,morning,81.19,81.19,98.55,74.8,1,30.0,0,21.91,203,0,0,0
1,2025-08-03 07:35:48.000,morning,71.59,73.19,96.76,76.66,0,30.0,0,0.0,179,3,0,1
1,2025-08-03 07:35:11.000,morning,72.4,74.0,97.87,69.47,2,30.0,0,17.13,181,1,0,1
1,2025-08-03 07:34:11.000,morning,74.76,74.76,96.91,71.56,3,30.01,0,48.02,187,0,0,0
1,2025-08-03 07:30:22.000,morning,77.19,79.19,97.03,79.02,3,30.0,0,37.11,193,2,0,0
1,2025-08-03 07:28:04.000,morning,76.8,81.99,95.71,73.15,0,30.0,0,0.0,192,2,0,0
1,2025-08-03 07:24:57.000,morning,79.6,82.8,97.62,79.8,0,30.0,0,0.0,199,1,0,0
1,2025-08-03 07:20:30.000,morning,81.6,81.6,97.61,70.47,2,30.0,0,24.01,204,0,0,0
1,2025-08-03 07:19:10.000,morning,81.19,81.19,98.07,78.07,0,30.0,0,0.0,203,0,0,0
1,2025-08-03 05:35:14.000,morning,84.4,85.6,99.53,78.36,1,30.0,0,6.84,211,0,0,1
1,2025-08-03 05:33:03.000,morning,74.79,79.59,96.06,72.31,1,30.0,0,10.5,187,2,1,0
1,2025-08-03 05:31:45.000,morning,79.98,79.98,99.01,79.37,2,30.01,0,17.53,200,0,0,0
1,2025-08-02 08:50:27.000,morning,76.79,76.79,98.97,76.81,1,30.0,0,19.41,192,0,0,0
1,2025-08-02 08:38:42.000,morning,75.2,77.6,96.94,73.87,0,30.0,0,0.0,188,3,0,0
1,2025-08-02 08:33:23.000,morning,74.4,79.19,96.02,75.89,0,30.0,0,0.0,186,2,1,0
1,2025-08-02 07:59:35.000,morning,77.97,79.57,97.52,76.38,0,30.01,0,0.0,195,1,0,1
1,2025-08-02 07:52:52.000,morning,79.58,81.58,97.58,75.08,0,30.01,0,0.0,199,1,0,0
1,2025-08-02 07:17:58.000,morning,79.59,80.79,96.14,73.19,4,30.0,0,54.05,199,2,0,1
1,2025-08-01 18:24:17.000,evening,78.39,82.79,97.6,82.17,0,30.0,0,0.0,196,1,1,0
1,2025-08-01 17:44:27.000,evening,79.59,79.59,98.52,80.66,1,30.0,0,2.53,199,0,0,0
1,2025-08-01 17:43:01.000,evening,74.79,77.59,95.98,77.14,4,30.0,0,23.6,187,2,0,1
1,2025-08-01 17:41:06.000,evening,83.98,83.98,99.53,75.52,0,30.01,0,0.0,210,0,0,0
1,2025-08-01 17:29:55.000,evening,76.4,78.8,97.49,78.51,0,30.0,0,0.0,191,2,0,0
1,2025-08-01 17:29:21.000,evening,77.6,80.0,97.52,79.02,1,30.0,0,9.47,194,3,0,1
1,2025-08-01 16:59:25.000,afternoon,81.17,81.17,100.0,82.65,0,30.01,0,0.0,203,0,0,0
1,2025-08-01 16:58:51.000,afternoon,77.59,80.39,97.54,80.66,0,30.01,0,0.0,194,2,0,0
1,2025-08-01 16:53:44.000,afternoon,75.59,75.59,97.42,76.13,3,30.0,0,38.74,189,0,0,0
1,2025-08-01 16:52:11.000,afternoon,77.6,79.6,97.04,78.19,0,30.0,0,0.0,194,1,0,0
1,2025-08-01 16:51:06.000,afternoon,74.4,76.8,97.44,66.36,0,30.0,0,0.0,186,1,0,0
1,2025-08-01 13:22:53.000,afternoon,75.59,77.59,96.97,73.3,0,30.01,0,0.0,189,1,0,0
1,2025-08-01 12:21:51.000,afternoon,72.37,79.57,97.0,73.64,0,30.01,0,0.0,181,2,0,2
1,2025-08-01 05:38:25.000,morning,75.19,80.79,98.02,78.33,2,30.0,0,25.55,188,2,0,0
1,2025-08-01 05:28:52.000,morning,83.97,83.97,98.6,79.29,0,30.01,0,0.0,210,0,0,0
1,2025-07-31 17:18:50.000,evening,74.39,77.59,97.99,75.54,0,30.01,0,0.0,186,1,0,0
1,2025-07-31 17:18:14.000,evening,69.59,78.79,93.53,72.71,5,30.0,0,35.76,174,6,0,1
1,2025-07-31 17:16:30.000,evening,82.77,82.77,98.1,77.52,6,30.01,0,71.0,207,0,0,0
1,2025-07-31 17:13:11.000,evening,68.0,73.6,96.28,67.32,0,30.0,0,0.0,170,2,0,1
1,2025-07-31 17:12:36.000,evening,71.59,77.19,94.5,77.98,2,30.0,0,9.44,179,2,0,1
1,2025-07-31 17:11:36.000,evening,72.0,76.4,96.41,65.89,0,30.0,0,0.0,180,1,0,1
1,2025-07-31 17:10:57.000,evening,78.4,78.4,98.01,72.44,3,30.0,0,37.56,196,0,0,0
1,2025-07-31 17:09:13.000,evening,75.58,82.78,94.29,76.67,1,30.01,0,26.05,189,5,1,1
1,2025-07-31 17:08:04.000,evening,74.39,80.39,96.55,74.49,1,30.0,0,12.05,186,2,1,0
1,2025-07-31 17:07:11.000,evening,74.8,76.0,96.95,72.85,0,30.0,0,0.0,187,0,0,1
1,2025-07-31 17:06:34.000,evening,75.6,77.2,97.96,75.09,0,30.0,0,0.0,189,0,0,1
1,2025-07-31 17:05:58.000,evening,72.0,74.4,96.83,72.16,0,30.0,0,0.0,180,2,0,1
1,2025-07-31 17:05:20.000,evening,84.4,84.4,97.24,75.09,0,30.0,0,0.0,211,0,0,0
1,2025-07-31 17:03:55.000,evening,72.39,79.19,95.98,79.23,2,30.01,0,55.23,181,3,1,0
1,2025-07-31 17:02:09.000,evening,69.2,73.6,97.31,71.94,4,30.0,0,43.09,173,1,0,1
1,2025-07-31 16:04:13.000,afternoon,80.0,85.2,95.83,80.56,0,30.0,0,0.0,200,4,0,1
1,2025-07-31 14:22:03.000,afternoon,73.98,79.98,94.61,74.14,0,30.01,0,0.0,185,5,1,0
1,2025-07-31 13:44:01.000,afternoon,79.18,81.98,97.12,73.69,0,30.01,0,0.0,198,2,0,0
1,2025-07-31 12:45:08.000,afternoon,75.2,78.0,97.01,79.55,1,30.0,0,10.6,188,0,1,0
1,2025-07-31 12:39:41.000,afternoon,71.16,76.76,93.37,78.45,3,30.02,0,16.28,178,7,1,0
1,2025-07-31 12:38:38.000,afternoon,75.99,82.39,94.26,75.84,4,30.0,0,28.68,190,4,2,1
1,2025-07-31 12:37:07.000,afternoon,85.2,85.2,100.0,84.85,2,30.0,0,6.18,213,0,0,0
1,2025-07-31 12:08:39.000,afternoon,64.78,77.58,94.39,73.87,0,30.01,0,0.0,162,5,0,1
1,2025-07-31 12:08:05.000,afternoon,75.99,81.99,93.84,77.23,1,30.0,0,6.67,190,4,0,0
1,2025-07-31 12:07:03.000,afternoon,88.4,91.6,99.13,86.69,0,30.0,0,0.0,221,1,0,0
1,2025-07-31 10:29:09.000,morning,80.79,82.79,98.1,78.49,1,30.01,0,8.68,202,1,0,0
1,2025-07-31 09:59:39.000,morning,80.4,85.2,96.74,72.31,0,30.0,0,0.0,201,2,1,0
1,2025-07-31 09:13:07.000,morning,73.59,76.39,95.41,71.3,1,30.0,0,15.71,184,1,1,1
1,2025-07-31 09:12:13.000,morning,82.38,85.98,98.6,77.19,1,30.01,0,1.23,206,1,1,0
1,2025-07-31 08:42:35.000,morning,86.4,86.4,99.08,80.89,0,30.0,0,0.0,216,0,0,0
1,2025-07-31 08:35:42.000,morning,76.8,76.8,97.96,80.75,0,30.0,0,0.0,192,0,0,0
1,2025-07-31 08:35:07.000,morning,74.8,81.2,96.59,75.2,1,30.0,0,3.61,187,2,0,1
1,2025-07-31 08:34:28.000,morning,72.79,75.59,94.95,60.98,1,30.0,0,20.68,182,1,0,1
1,2025-07-31 08:09:39.000,morning,77.6,77.6,97.0,73.64,0,30.0,0,0.0,194,0,0,0
1,2025-07-31 08:08:04.000,morning,72.39,75.59,96.89,73.17,0,30.01,0,0.0,181,0,0,2
1,2025-07-31 08:07:31.000,morning,75.6,78.0,95.57,70.03,3,30.0,0,38.46,189,0,0,1
1,2025-07-31 07:53:32.000,morning,76.37,76.37,97.45,71.3,1,30.01,0,22.67,191,0,0,0
1,2025-07-31 07:38:05.000,morning,75.6,78.8,97.01,68.19,0,30.0,0,0.0,189,1,0,0
1,2025-07-31 07:37:30.000,morning,80.39,80.39,96.65,76.42,0,30.0,0,0.0,201,0,0,0
1,2025-07-31 07:36:53.000,morning,77.6,81.2,97.56,81.85,3,30.0,0,41.87,194,2,0,0
1,2025-07-30 16:30:24.000,afternoon,68.8,70.0,96.11,71.78,0,30.0,0,0.0,172,1,0,0
1,2025-07-30 16:29:50.000,afternoon,74.8,78.0,96.45,78.22,18,30.0,0,167.11,187,2,1,1
1,2025-07-30 16:22:07.000,afternoon,70.79,75.19,95.36,73.3,0,30.01,0,0.0,177,1,0,1
1,2025-07-30 16:21:26.000,afternoon,73.99,75.19,97.91,69.26,3,30.0,1,53.82,185,0,0,1
1,2025-07-30 16:19:18.000,afternoon,75.99,75.99,95.96,67.84,0,30.0,0,0.0,190,0,0,0
1,2025-07-30 16:16:01.000,afternoon,74.0,76.8,95.9,76.58,1,30.0,0,14.71,185,3,0,2
1,2025-07-30 16:15:02.000,afternoon,65.6,69.6,95.48,67.74,0,30.0,1,0.0,164,4,0,0
1,2025-07-30 16:14:25.000,afternoon,73.2,73.2,97.86,76.32,0,30.0,0,0.0,183,0,0,0
1,2025-07-30 16:13:43.000,afternoon,70.39,74.79,95.29,71.76,3,30.0,0,30.85,176,3,0,0
1,2025-07-30 16:04:37.000,afternoon,71.2,73.2,97.31,74.88,1,30.0,0,26.63,178,1,0,0
1,2025-07-30 16:03:31.000,afternoon,65.58,69.58,96.05,67.45,1,30.01,1,10.61,164,2,1,0
1,2025-07-30 16:02:35.000,afternoon,69.99,75.59,95.34,73.17,0,30.0,0,0.0,175,3,0,0
1,2025-07-30 16:02:01.000,afternoon,67.19,69.59,94.51,61.73,2,30.0,0,23.86,168,1,0,0
1,2025-07-30 15:59:27.000,afternoon,68.4,68.4,98.28,61.88,0,30.0,1,0.0,171,0,0,0
1,2025-07-30 15:58:55.000,afternoon,68.78,71.18,93.51,65.71,0,30.01,0,0.0,172,4,1,0
1,2025-07-30 15:58:20.000,afternoon,73.19,75.99,95.41,76.38,2,30.0,0,33.37,183,2,0,0
1,2025-07-30 15:56:24.000,afternoon,86.39,86.39,99.08,84.54,0,30.0,0,0.0,216,0,0,0
1,2025-07-30 15:54:06.000,afternoon,77.18,77.18,98.47,76.38,0,30.01,0,0.0,193,0,0,0
1,2025-07-30 15:52:44.000,afternoon,71.2,76.4,97.4,83.07,1,30.0,0,17.33,178,2,0,1
1,2025-07-30 15:51:45.000,afternoon,74.78,81.58,95.1,76.78,0,30.01,0,0.0,187,4,2,1
1,2025-07-30 15:50:26.000,afternoon,77.19,77.19,97.97,80.87,0,30.0,0,0.0,193,0,0,0
1,2025-07-30 15:49:50.000,afternoon,72.39,72.39,95.26,70.23,0,30.0,0,0.0,181,0,0,0
1,2025-07-30 15:49:03.000,afternoon,75.59,75.59,98.44,73.06,0,30.01,0,0.0,189,0,0,0
1,2025-07-30 15:48:09.000,afternoon,71.99,71.99,97.3,68.09,1,30.0,0,26.57,180,0,0,0
1,2025-07-30 15:39:23.000,afternoon,74.0,76.0,98.95,77.92,3,30.0,0,32.67,185,1,0,0
1,2025-07-30 15:36:45.000,afternoon,71.2,79.2,94.0,71.72,1,30.0,0,1.39,178,6,1,1
1,2025-07-29 16:15:27.000,afternoon,77.19,79.19,97.01,74.98,3,30.0,0,39.44,193,2,0,0
1,2025-07-29 16:09:29.000,afternoon,72.79,77.99,96.97,79.08,5,30.0,0,56.16,182,2,0,0
1,2025-07-29 15:59:28.000,afternoon,70.0,73.6,94.27,66.84,4,30.0,0,34.02,175,2,1,0
1,2025-07-29 15:57:10.000,afternoon,65.17,71.17,96.17,68.8,0,30.01,0,0.0,163,3,0,0
1,2025-07-29 15:56:33.000,afternoon,79.98,83.18,98.1,76.38,2,30.01,0,26.63,200,1,0,0
1,2025-07-29 15:44:17.000,afternoon,72.79,76.39,95.45,71.9,1,30.0,0,0.48,182,2,0,2
1,2025-07-29 15:43:19.000,afternoon,74.78,76.78,96.94,70.24,1,30.01,0,3.2,187,1,0,0
1,2025-07-29 15:41:50.000,afternoon,70.39,73.59,95.77,74.36,2,30.01,0,2.06,176,2,0,0
1,2025-07-29 15:31:45.000,afternoon,71.99,74.39,98.39,75.93,0,30.0,0,0.0,180,1,0,1
1,2025-07-29 15:31:01.000,afternoon,76.0,80.0,96.57,74.99,0,30.0,0,0.0,190,2,0,0
1,2025-07-29 15:30:26.000,afternoon,72.79,77.19,96.41,74.64,1,30.0,0,22.76,182,2,1,0
1,2025-07-29 15:29:07.000,afternoon,74.37,83.17,95.67,82.17,6,30.01,0,79.65,186,5,1,0
1,2025-06-18 21:07:00.000,night,68.4,71.6,96.72,71.81,0,30.0,0,0.0,171,1,0,0
1,2025-06-16 17:49:01.000,evening,68.0,68.0,97.7,66.87,0,30.0,1,0.0,170,0,0,0
1,2025-06-16 17:48:25.000,evening,51.98,51.98,90.91,48.27,4,30.01,2,76.44,130,0,0,0
1,2025-06-16 11:06:23.000,morning,66.39,66.39,97.66,59.98,0,30.0,0,0.0,166,0,0,0
1,2025-06-16 11:05:51.000,morning,59.98,61.18,93.87,51.01,4,30.01,1,11.46,150,1,0,0
1,2025-06-16 10:01:56.000,morning,63.2,63.2,95.76,62.53,0,30.0,0,0.0,158,0,0,0
1,2025-06-16 04:03:26.000,night,64.8,64.8,97.04,60.46,0,30.0,0,0.0,162,0,0,0
1,2025-06-16 03:26:55.000,night,67.17,71.57,95.6,70.23,0,30.01,0,0.0,168,3,1,0
1,2025-06-16 03:26:20.000,night,64.4,64.4,95.83,63.24,0,30.0,0,0.0,161,0,0,0
1,2025-06-16 03:13:47.000,night,76.37,76.37,98.96,80.06,1,30.01,0,5.16,191,0,0,0
1,2025-06-13 10:08:15.000,morning,71.99,73.59,97.34,70.03,1,30.01,0,19.42,180,0,0,1
1,2025-06-13 09:54:22.000,morning,65.99,69.19,94.92,68.64,6,30.0,0,88.0,165,4,0,0
1,2025-06-12 17:32:33.000,evening,71.19,71.19,97.27,67.95,0,30.0,0,0.0,178,0,0,0
1,2025-06-12 17:29:26.000,evening,70.39,70.39,96.17,72.78,0,30.0,0,0.0,176,0,0,0
1,2025-06-12 17:28:50.000,evening,71.6,73.6,96.83,69.29,1,30.0,0,13.52,179,1,0,0
1,2025-06-12 17:00:07.000,evening,73.2,73.2,97.34,70.6,0,30.0,0,0.0,183,0,0,0
1,2025-06-12 15:11:28.000,afternoon,65.17,66.77,95.93,75.78,0,30.01,0,0.0,163,2,0,0
1,2025-06-12 15:10:54.000,afternoon,67.18,67.18,95.51,60.87,0,30.01,0,0.0,168,0,0,0
1,2025-06-12 15:04:45.000,afternoon,73.6,76.0,97.41,66.5,1,30.0,0,0.55,184,1,0,0
1,2025-06-12 12:06:47.000,afternoon,61.19,65.59,91.95,66.28,1,30.0,0,6.17,153,3,0,1
1,2025-06-12 11:21:51.000,morning,75.2,77.6,98.45,76.81,1,30.0,0,11.85,188,2,0,1
1,2025-06-12 11:14:00.000,morning,68.4,70.4,95.05,69.63,1,30.0,0,1.32,171,2,0,0
1,2025-06-12 11:02:57.000,morning,70.36,70.76,97.25,68.46,0,30.02,0,0.0,176,1,0,0
1,2025-06-12 10:31:48.000,morning,59.59,61.19,94.48,63.61,2,30.0,0,31.3,149,1,0,0
1,2025-06-12 10:15:08.000,morning,66.4,68.4,96.59,73.69,1,30.0,0,22.76,166,0,1,0
1,2025-06-12 10:14:09.000,morning,69.19,69.19,95.58,73.11,0,30.0,0,0.0,173,0,0,0
1,2025-06-12 10:13:33.000,morning,67.99,67.99,96.05,74.35,0,30.0,0,0.0,170,0,0,0
1,2025-06-10 15:18:23.000,afternoon,77.2,77.2,98.97,77.97,0,30.0,0,0.0,193,0,0,0
1,2025-06-10 15:11:20.000,afternoon,75.2,75.2,99.47,75.02,3,30.0,0,59.3,188,0,0,0
1,2025-06-10 13:53:01.000,afternoon,77.17,77.17,97.47,67.37,1,30.01,0,1.12,193,0,0,0
1,2025-06-09 14:45:48.000,afternoon,68.8,73.2,95.74,71.78,1,30.0,0,0.67,172,1,0,1
1,2025-06-09 14:43:52.000,afternoon,63.99,68.39,92.7,70.51,1,30.0,0,16.86,160,5,0,1
1,2025-06-09 14:41:28.000,afternoon,71.96,71.96,97.3,70.08,1,30.02,0,1.68,180,0,0,0
1,2025-06-09 14:36:57.000,afternoon,74.8,77.2,97.45,73.87,1,30.0,0,0.68,187,2,0,0
1,2025-06-04 11:29:42.000,morning,75.6,75.6,98.96,75.93,0,30.0,0,0.0,189,0,0,0
1,2025-06-04 11:08:22.000,morning,60.79,63.19,94.51,60.3,4,30.01,1,54.26,152,2,0,0
1,2025-06-04 10:27:17.000,morning,78.0,78.0,98.48,71.1,0,30.0,0,0.0,195,0,0,0
1,2025-06-04 10:25:32.000,morning,68.79,75.59,94.3,80.89,5,30.0,0,70.25,172,4,0,0
1,2025-06-04 09:35:44.000,morning,79.59,79.59,99.0,79.19,1,30.0,0,25.6,199,0,0,0
1,2025-06-03 13:20:11.000,afternoon,67.2,68.8,95.51,72.85,0,30.0,0,0.0,168,1,0,0
1,2025-06-03 13:19:37.000,afternoon,59.2,63.2,96.32,65.52,0,30.0,0,0.0,148,1,1,1
1,2025-06-03 13:19:03.000,afternoon,62.0,64.0,93.49,67.76,2,30.0,0,7.26,155,1,0,0
1,2025-06-03 13:18:12.000,afternoon,62.79,62.79,95.21,67.64,1,30.0,0,10.65,157,0,0,0
1,2025-06-03 13:16:46.000,afternoon,72.39,73.59,96.28,76.72,9,30.01,0,103.04,181,2,0,1
1,2025-05-28 19:44:45.000,evening,62.78,63.98,91.95,63.46,2,30.01,0,31.22,157,1,0,0
1,2025-05-28 18:30:07.000,evening,74.39,75.59,95.43,69.37,0,30.0,0,0.0,186,0,0,1
1,2025-05-28 15:19:59.000,afternoon,73.18,73.18,97.86,79.01,3,30.01,0,42.63,183,0,0,0
1,2025-05-28 15:08:42.000,afternoon,71.59,71.59,95.77,66.67,0,30.0,0,0.0,179,0,0,0
1,2025-05-28 14:45:54.000,afternoon,74.39,74.39,95.9,69.04,0,30.0,0,0.0,186,0,0,0
1,2025-05-28 13:41:07.000,afternoon,76.4,76.4,98.98,74.17,2,30.0,0,5.5,191,0,0,0
1,2025-05-28 13:01:07.000,afternoon,68.0,68.0,95.51,70.83,0,30.0,0,0.0,170,0,0,0
1,2025-05-28 12:53:50.000,afternoon,65.2,65.2,97.6,64.48,0,30.0,0,0.0,163,0,0,0
1,2025-05-28 12:51:59.000,afternoon,62.77,64.37,94.08,66.49,2,30.01,0,51.24,157,2,0,0
1,2025-05-28 12:07:23.000,afternoon,69.59,70.79,93.16,58.59,1,30.01,0,0.21,174,0,0,1
1,2025-05-28 11:17:33.000,morning,73.59,73.59,98.92,74.53,0,30.01,0,0.0,184,0,0,0
1,2025-05-28 11:15:39.000,morning,59.99,63.19,94.05,50.53,1,30.0,1,19.12,150,1,0,0
1,2025-05-28 10:27:47.000,morning,60.8,60.8,93.33,59.44,1,30.0,0,9.68,152,0,0,0
1,2025-05-28 10:26:13.000,morning,65.59,65.59,93.18,62.74,0,30.0,0,0.0,164,0,0,0
1,2025-05-28 10:25:38.000,morning,61.59,68.79,88.71,58.1,0,30.01,0,0.0,154,0,7,0
1,2025-05-28 10:21:48.000,morning,64.4,64.4,94.19,61.56,0,30.0,0,0.0,161,0,0,0
1,2025-05-22 17:17:40.000,evening,61.2,62.4,93.45,62.11,5,30.0,0,67.43,153,0,1,0
1,2025-05-22 10:13:56.000,morning,61.19,63.19,94.64,66.57,1,30.01,0,22.18,153,1,0,0
1,2025-05-21 20:39:37.000,evening,74.77,74.77,97.4,75.59,0,30.01,0,0.0,187,0,0,0
1,2025-05-21 20:06:37.000,evening,76.76,76.76,98.46,81.91,1,30.01,0,4.21,192,0,0,0
1,2025-05-21 18:34:08.000,evening,75.15,75.15,98.43,72.06,4,30.02,0,26.55,188,0,0,0
1,2025-05-21 13:45:03.000,afternoon,71.19,71.19,96.22,58.56,0,30.0,0,0.0,178,0,0,0
1,2025-05-21 12:17:20.000,afternoon,69.96,70.36,95.65,68.58,0,30.02,0,0.0,175,1,0,0
1,2025-05-21 11:25:10.000,morning,75.59,75.59,98.95,75.84,0,30.0,0,0.0,189,0,0,0
1,2025-05-21 11:24:36.000,morning,60.0,60.0,91.62,58.37,0,30.0,0,0.0,150,0,0,0
1,2025-05-20 18:59:14.000,evening,67.98,67.98,99.42,72.26,1,30.01,0,1.58,170,0,0,0
1,2025-05-20 16:07:39.000,afternoon,65.18,65.18,96.47,70.01,0,30.01,0,0.0,163,0,0,0
1,2025-05-20 13:11:00.000,afternoon,68.8,68.8,97.18,63.57,0,30.0,0,0.0,172,0,0,0
1,2025-05-20 13:07:43.000,afternoon,84.39,84.39,100.0,84.65,0,30.0,0,0.0,211,0,0,0
1,2025-05-19 17:29:01.000,evening,66.0,66.0,97.65,65.51,0,30.0,0,0.0,165,0,0,0
1,2025-05-19 17:08:35.000,evening,65.55,65.55,95.35,68.5,0,30.02,0,0.0,164,0,0,0
1,2025-05-19 17:07:58.000,evening,62.37,62.37,93.98,58.89,0,30.01,0,0.0,156,0,0,0
1,2025-05-19 14:52:05.000,afternoon,54.39,55.19,93.88,47.37,1,30.0,3,1.89,136,1,0,0
1,2025-05-19 14:48:23.000,afternoon,65.2,66.79,94.8,66.3,0,30.0,0,0.0,163,3,0,0
1,2025-05-19 14:34:03.000,afternoon,74.4,74.4,97.38,72.65,0,30.0,0,0.0,186,0,0,0
1,2025-05-19 14:32:54.000,afternoon,64.37,67.17,95.95,65.42,1,30.01,0,24.62,161,1,1,0
1,2025-05-19 13:55:37.000,afternoon,68.78,69.18,96.69,64.59,0,30.01,0,0.0,172,1,0,0
1,2025-05-19 12:57:59.000,afternoon,75.6,75.6,99.48,80.35,0,30.0,0,0.0,189,0,0,0
1,2025-05-19 12:47:01.000,afternoon,64.0,64.0,96.45,67.44,1,30.0,0,26.05,160,0,0,0
1,2025-05-19 12:34:06.000,afternoon,72.39,72.39,98.37,73.13,0,30.0,0,0.0,181,0,0,0
1,2025-05-19 12:23:02.000,afternoon,65.57,67.57,94.44,72.45,0,30.01,0,0.0,164,1,0,0
1,2025-05-19 12:22:28.000,afternoon,65.2,67.2,95.45,66.86,1,30.0,0,4.89,163,1,0,0
1,2025-05-17 08:43:18.000,morning,64.79,66.39,94.94,64.67,0,30.0,0,0.0,162,0,0,1
1,2025-05-17 08:42:43.000,morning,67.19,67.19,97.11,75.61,1,30.01,0,12.92,168,0,0,0
1,2025-05-17 08:41:52.000,morning,62.8,68.0,95.4,71.02,1,30.0,0,25.75,157,1,1,0
1,2025-05-17 08:40:49.000,morning,57.18,62.37,91.67,64.41,0,30.01,0,0.0,143,2,1,1
1,2025-05-17 08:40:15.000,morning,66.0,68.8,95.0,74.54,7,30.0,0,75.1,165,0,0,1
1,2025-05-17 08:37:29.000,morning,62.79,65.99,95.4,69.03,1,30.01,0,25.46,157,1,0,0
1,2025-05-13 17:54:52.000,evening,69.99,69.99,97.22,76.83,0,30.0,0,0.0,175,0,0,0
1,2025-05-13 17:54:18.000,evening,59.6,61.2,93.25,66.18,1,30.0,0,23.28,149,2,0,0
1,2025-05-13 17:53:12.000,evening,65.99,65.99,93.79,68.95,0,30.01,0,0.0,165,0,0,0
1,2025-05-13 14:11:23.000,afternoon,73.6,75.6,98.42,82.54,1,30.0,0,7.23,184,1,0,0
1,2025-05-13 13:20:47.000,afternoon,67.2,71.2,95.6,76.33,0,30.0,0,0.0,168,4,0,0
1,2025-05-13 13:08:41.000,afternoon,54.8,54.8,94.56,55.54,0,30.0,2,0.0,137,0,0,0
1,2025-05-13 13:08:03.000,afternoon,62.4,62.4,95.18,64.55,0,30.0,0,0.0,156,0,0,0
1,2025-05-12 10:41:41.000,morning,70.79,72.79,97.84,78.62,3,30.0,0,21.33,177,1,0,0
1,2025-05-12 10:19:05.000,morning,66.79,69.59,94.57,65.36,2,30.01,0,13.75,167,1,0,0
1,2025-05-12 08:50:15.000,morning,76.77,76.77,98.97,76.13,2,30.01,0,24.39,192,0,0,0
1,2025-05-10 18:57:27.000,evening,67.6,69.6,96.65,73.51,1,30.0,0,15.15,169,1,0,0
1,2025-05-10 18:13:45.000,evening,76.0,76.0,98.96,77.68,0,30.0,0,0.0,190,0,0,0
1,2025-05-10 18:06:06.000,evening,74.8,74.8,98.44,73.36,0,30.0,0,0.0,187,0,0,0
1,2025-05-10 17:55:59.000,evening,65.2,65.2,98.8,48.55,0,30.0,3,0.0,163,0,0,0
1,2025-05-10 17:55:20.000,evening,58.4,61.6,91.02,62.14,0,30.0,0,0.0,146,1,0,0
1,2025-05-10 17:54:14.000,evening,65.19,65.19,94.25,66.57,0,30.0,0,0.0,163,0,0,0
1,2025-05-07 10:43:08.000,morning,65.2,65.2,97.65,68.66,2,30.0,0,21.71,163,0,0,0
1,2025-05-07 10:16:24.000,morning,61.6,63.2,93.98,69.5,0,30.0,0,0.0,154,1,0,0
1,2025-05-07 10:15:50.000,morning,62.38,62.38,95.83,69.91,2,30.01,0,38.76,156,0,0,0
1,2025-05-07 09:59:00.000,morning,76.79,77.99,97.51,75.58,0,30.0,0,0.0,192,0,0,1
1,2025-05-07 08:56:31.000,morning,69.99,72.39,97.31,72.57,1,30.0,0,23.6,175,0,0,1
1,2025-05-07 08:36:36.000,morning,63.17,65.17,90.86,66.27,0,30.01,0,0.0,158,5,0,0
1,2025-05-07 07:02:12.000,morning,68.4,68.4,98.31,74.73,1,30.0,0,12.03,171,0,0,0
1,2025-05-07 06:57:23.000,morning,68.0,68.0,96.09,64.46,2,30.0,0,10.2,170,0,0,0
1,2025-05-07 06:54:53.000,morning,74.8,74.8,95.92,78.09,1,30.0,0,3.49,187,0,0,0
1,2025-05-07 05:44:42.000,morning,69.19,69.19,96.69,65.91,2,30.0,0,1.49,173,0,0,0
1,2025-05-05 09:56:22.000,morning,69.99,75.99,97.37,74.43,0,30.0,0,0.0,175,3,0,0
1,2025-05-05 09:55:47.000,morning,66.8,68.8,94.44,65.58,2,30.0,0,26.27,167,3,0,1
1,2025-05-05 07:58:28.000,morning,83.18,83.18,100.0,84.68,0,30.01,0,0.0,208,0,0,0
1,2025-05-05 06:53:07.000,morning,71.19,75.59,95.81,75.84,0,30.0,0,0.0,178,4,0,0
1,2025-05-04 12:41:39.000,afternoon,73.58,73.58,97.88,68.75,2,30.01,0,20.67,184,0,0,0
1,2025-05-04 12:16:33.000,afternoon,63.59,65.59,95.86,70.48,0,30.0,0,0.0,159,1,0,1
1,2025-05-04 11:30:19.000,morning,69.19,70.79,95.68,69.21,4,30.0,0,49.09,173,0,0,1
1,2025-05-04 07:10:44.000,morning,69.59,71.19,96.72,69.38,5,30.0,0,45.31,174,2,0,0
1,2025-05-04 06:48:47.000,morning,63.57,71.97,93.09,69.19,0,30.01,0,0.0,159,6,0,1
1,2025-05-04 06:45:27.000,morning,67.6,67.6,98.26,73.01,0,30.0,0,0.0,169,0,0,0
1,2025-05-04 06:44:51.000,morning,67.19,67.19,91.35,59.41,0,30.01,0,0.0,168,0,0,0
1,2025-04-29 09:43:57.000,morning,72.77,72.77,97.33,75.61,6,30.01,0,78.64,182,0,0,0
1,2025-04-21 17:05:20.000,evening,71.99,71.99,96.77,69.01,0,30.0,0,0.0,180,0,0,0
1,2025-04-18 20:18:26.000,evening,57.19,64.79,92.22,66.66,0,30.0,0,0.0,143,6,0,2
1,2025-04-18 20:17:53.000,evening,58.39,63.19,93.25,61.8,0,30.0,0,0.0,146,3,1,0
1,2025-04-18 20:17:20.000,evening,68.39,70.79,93.58,69.65,3,30.0,0,18.8,171,1,1,0
1,2025-04-18 17:38:34.000,evening,64.8,69.2,95.0,66.67,0,30.0,0,0.0,162,2,0,0
1,2025-04-18 17:37:59.000,evening,67.6,69.2,94.51,67.89,0,30.0,0,0.0,169,0,0,1
1,2025-04-17 18:17:03.000,evening,58.79,63.99,93.41,58.37,5,30.0,1,76.43,147,2,0,0
1,2025-04-16 13:15:20.000,afternoon,63.99,67.19,93.79,63.57,0,30.0,0,0.0,160,2,0,0
1,2025-04-16 13:14:44.000,afternoon,62.38,62.78,92.9,63.49,0,30.01,0,0.0,156,1,0,0
1,2025-04-16 13:14:07.000,afternoon,59.97,61.57,96.2,66.42,0,30.01,0,0.0,150,2,0,0
1,2025-04-16 13:13:32.000,afternoon,65.97,66.37,96.0,68.37,3,30.01,0,30.13,165,1,0,0
1,2025-04-16 13:11:54.000,afternoon,64.37,64.37,96.47,64.62,0,30.01,0,0.0,161,0,0,0
1,2025-04-16 13:11:21.000,afternoon,67.97,69.97,97.22,66.12,2,30.01,0,26.97,170,0,0,1
1,2025-04-16 13:06:38.000,afternoon,61.19,66.39,93.75,61.46,0,30.0,0,0.0,153,1,0,1
1,2025-04-16 12:29:00.000,afternoon,66.78,66.78,95.48,63.57,0,30.01,0,0.0,167,0,0,0
1,2025-04-16 12:28:26.000,afternoon,63.2,63.2,91.33,62.91,0,30.0,0,0.0,158,0,0,0
1,2025-04-16 12:27:52.000,afternoon,66.0,69.2,93.48,67.47,2,30.0,0,5.64,165,1,0,0
1,2025-04-16 12:25:14.000,afternoon,81.6,81.6,99.03,80.56,0,30.0,0,0.0,204,0,0,0
1,2025-04-13 18:53:51.000,evening,66.39,75.59,91.71,73.48,3,30.0,0,21.61,166,7,1,0
1,2025-04-12 17:29:50.000,evening,74.8,76.8,97.44,73.43,0,30.0,0,0.0,187,1,0,0
1,2025-04-12 17:28:17.000,evening,72.79,72.79,97.33,74.57,0,30.0,0,0.0,182,0,0,0
1,2025-04-12 17:27:23.000,evening,75.18,76.38,96.43,71.58,0,30.01,0,0.0,188,1,0,0
1,2025-04-10 09:41:35.000,morning,70.0,72.0,95.68,68.37,0,30.0,0,0.0,175,2,0,0
1,2025-04-09 18:15:51.000,evening,60.78,62.38,95.68,72.29,0,30.01,0,0.0,152,0,0,1
1,2025-04-09 18:15:18.000,evening,64.4,64.4,96.43,67.53,0,30.0,0,0.0,161,0,0,0
1,2025-04-09 18:14:43.000,evening,62.4,62.4,95.15,52.49,1,30.0,0,0.7,156,0,0,0
1,2025-04-09 11:29:05.000,morning,70.79,72.39,96.24,67.37,0,30.01,0,0.0,177,1,0,0
1,2025-04-09 11:28:29.000,morning,66.8,66.8,93.3,54.98,0,30.0,0,0.0,167,0,0,0
1,2025-04-08 10:59:46.000,morning,61.99,63.99,93.57,51.9,0,30.01,0,0.0,155,2,0,0
1,2025-04-08 10:59:08.000,morning,62.39,62.39,93.49,61.54,0,30.0,0,0.0,156,0,0,0
1,2025-04-08 10:35:10.000,morning,62.4,62.4,94.05,72.49,3,30.0,0,40.63,156,0,0,0
1,2025-04-07 11:09:05.000,morning,72.38,73.98,96.86,68.73,1,30.01,0,7.51,181,2,0,0
1,2025-04-07 09:16:05.000,morning,53.2,54.8,92.41,46.72,1,30.0,3,26.87,133,3,0,0
1,2025-04-04 13:15:54.000,afternoon,75.19,75.19,96.94,66.77,0,30.0,0,0.0,188,0,0,0
1,2025-03-31 06:58:14.000,morning,72.0,72.0,97.34,68.64,0,30.0,0,0.0,180,0,0,0
1,2025-03-30 17:09:30.000,evening,71.99,71.99,97.83,73.13,2,30.0,0,2.39,180,0,0,0
1,2024-12-13 22:33:37.000,night,67.99,70.39,98.87,66.86,0,30.0,1,0.0,170,0,0,1
1,2024-12-13 22:07:02.000,night,67.59,67.59,97.7,63.46,0,30.0,0,0.0,169,0,0,0
1,2024-12-13 21:34:03.000,night,56.8,58.0,94.16,54.86,0,30.0,0,0.0,142,0,0,1
1,2024-12-13 21:33:24.000,night,70.37,75.17,98.41,77.87,0,30.01,0,0.0,176,0,0,2
1,2024-12-13 21:32:44.000,night,67.99,69.99,97.19,75.41,0,30.0,0,0.0,170,1,0,0
1,2024-12-13 21:32:07.000,night,67.99,69.59,95.58,66.18,0,30.0,0,0.0,170,0,0,1
1,2024-12-13 21:29:52.000,night,67.2,68.8,97.73,72.26,0,30.0,0,0.0,168,0,0,1
1,2024-12-13 17:39:14.000,evening,57.59,58.79,98.64,60.82,1,30.01,0,2.46,144,1,0,0
1,2024-12-13 17:38:22.000,evening,61.99,61.99,100.0,62.1,0,30.0,0,0.0,155,0,0,0
1,2024-12-13 17:36:11.000,evening,64.39,64.39,100.0,64.82,0,30.0,0,0.0,161,0,0,0
1,2024-12-13 17:35:38.000,evening,61.99,64.38,98.77,67.37,0,30.01,0,0.0,155,1,0,0
1,2024-12-13 17:34:56.000,evening,74.79,76.39,100.0,79.13,0,30.0,0,0.0,187,1,0,0
1,2024-12-13 17:34:17.000,evening,51.6,55.2,98.57,48.43,0,30.0,0,0.0,129,1,0,0
1,2024-12-13 17:33:38.000,evening,70.79,70.79,99.44,64.46,1,30.0,0,5.35,177,0,0,0
1,2024-12-13 17:32:05.000,evening,70.79,70.79,98.88,61.44,1,30.0,0,15.79,177,0,0,0
1,2024-12-12 13:45:53.000,afternoon,61.19,61.19,95.06,62.79,1,30.01,0,20.17,153,0,0,0
1,2024-12-12 13:44:49.000,afternoon,73.96,73.96,97.37,75.09,0,30.02,0,0.0,185,0,0,0
1,2024-11-27 14:24:57.000,afternoon,70.79,70.79,96.76,74.16,0,30.0,0,0.0,177,0,0,0
1,2024-11-27 14:24:10.000,afternoon,65.99,65.99,97.08,74.32,0,30.0,0,0.0,165,0,0,0
1,2024-11-27 14:23:37.000,afternoon,73.59,73.59,98.92,78.2,0,30.0,0,0.0,184,0,0,0
1,2024-11-27 14:23:02.000,afternoon,67.6,68.8,95.0,73.13,0,30.0,0,0.0,169,1,0,0
1,2024-11-25 16:21:40.000,afternoon,57.56,61.96,92.77,61.33,0,30.02,0,0.0,144,0,0,2
1,2024-11-25 16:21:05.000,afternoon,62.77,66.37,93.6,67.55,0,30.01,0,0.0,157,4,0,0
1,2024-11-25 16:20:10.000,afternoon,64.38,66.78,94.8,71.09,0,30.01,0,0.0,161,2,0,0
1,2024-11-25 16:14:09.000,afternoon,69.19,77.99,93.37,80.75,0,30.01,0,0.0,173,7,0,9
1,2024-11-22 18:45:07.000,evening,55.2,58.4,92.21,69.52,0,30.0,0,0.0,138,3,1,0
1,2024-11-22 18:44:34.000,evening,62.79,64.39,94.71,69.66,0,30.01,0,0.0,157,0,0,1
1,2024-11-22 18:43:59.000,evening,61.98,69.18,94.92,68.04,0,30.01,0,0.0,155,2,0,1
1,2024-11-22 18:43:24.000,evening,65.58,69.98,94.09,68.18,0,30.01,0,0.0,164,3,0,0
1,2024-11-20 17:21:05.000,evening,56.8,57.6,93.42,56.22,0,30.0,0,0.0,142,2,0,0
1,2024-11-20 17:20:31.000,evening,65.98,70.38,93.51,65.71,0,30.01,0,0.0,165,3,0,0
1,2024-11-20 17:14:34.000,evening,62.4,72.8,90.48,73.08,2,30.0,0,18.19,156,5,0,1
1,2024-11-20 17:13:37.000,evening,60.8,66.8,92.0,65.13,0,30.0,0,0.0,152,3,0,1
1,2024-11-20 17:13:01.000,evening,63.2,66.0,93.1,68.72,0,30.0,0,0.0,158,2,1,0
1,2024-11-20 17:12:27.000,evening,63.2,65.6,92.49,69.74,0,30.0,0,0.0,158,2,1,0
1,2024-11-20 17:11:55.000,evening,65.6,65.6,92.13,70.51,0,30.0,0,0.0,164,0,0,0
1,2024-11-20 17:10:49.000,evening,74.0,77.6,96.94,78.45,0,30.0,0,0.0,185,2,0,0
1,2024-11-20 17:10:15.000,evening,75.19,75.19,98.95,76.53,0,30.01,0,0.0,188,0,0,0
1,2024-11-20 17:09:40.000,evening,59.99,63.19,93.98,63.05,1,30.01,0,15.53,150,2,0,0
1,2024-11-20 16:19:17.000,afternoon,55.17,59.57,91.93,61.68,0,30.01,0,0.0,138,1,0,1
1,2024-11-20 16:18:41.000,afternoon,59.6,59.6,93.83,54.29,0,30.0,0,0.0,149,0,0,0
1,2024-11-20 16:18:08.000,afternoon,72.8,72.8,99.46,81.3,0,30.0,0,0.0,182,0,0,0
1,2024-11-20 16:17:31.000,afternoon,55.58,60.38,92.45,66.91,0,30.01,0,0.0,139,3,0,1
1,2024-11-20 16:16:53.000,afternoon,76.4,76.4,97.46,78.58,0,30.0,0,0.0,191,0,0,0
1,2024-11-20 16:16:14.000,afternoon,67.6,68.8,95.56,78.48,0,30.0,0,0.0,169,1,0,1
1,2024-11-20 16:15:40.000,afternoon,65.2,68.0,93.89,66.67,0,30.0,0,0.0,163,1,0,0
1,2024-11-20 16:14:10.000,afternoon,65.2,67.2,95.51,63.62,0,30.0,0,0.0,163,0,0,1
1,2024-11-20 10:59:52.000,morning,62.0,66.4,93.75,70.24,0,30.0,0,0.0,155,0,0,2
1,2024-11-20 10:59:17.000,morning,70.79,70.79,95.19,70.22,0,30.0,0,0.0,177,0,0,0
1,2024-11-20 10:58:45.000,morning,71.2,71.2,96.74,70.61,0,30.0,0,0.0,178,0,0,0
1,2024-11-20 08:01:24.000,morning,65.6,65.6,96.47,68.99,0,30.0,0,0.0,164,0,0,0
1,2024-11-20 08:00:50.000,morning,65.19,68.39,95.45,75.6,0,30.0,0,0.0,163,2,0,0
1,2024-11-20 08:00:17.000,morning,69.59,69.59,94.65,62.81,0,30.0,0,0.0,174,0,0,0
1,2024-11-19 16:04:15.000,afternoon,65.59,67.19,96.0,66.27,0,30.0,0,0.0,164,0,0,1
1,2024-11-19 16:03:42.000,afternoon,69.97,73.57,96.77,79.43,1,30.01,0,1.47,175,2,0,0
1,2024-11-19 16:02:49.000,afternoon,62.39,67.18,95.35,62.35,2,30.01,0,8.89,156,2,0,2
1,2024-11-19 15:54:02.000,afternoon,66.8,66.8,95.45,75.21,0,30.0,0,0.0,167,0,0,0
1,2024-11-19 15:53:29.000,afternoon,62.38,62.38,95.18,66.12,0,30.01,0,0.0,156,0,0,0
1,2024-11-19 15:52:54.000,afternoon,74.78,74.78,99.47,72.38,0,30.01,0,0.0,187,0,0,0
1,2024-11-19 15:52:21.000,afternoon,58.79,64.79,91.72,71.57,0,30.0,0,0.0,147,1,4,1
1,2024-11-19 15:51:36.000,afternoon,69.99,71.99,97.8,73.79,0,30.0,0,0.0,175,1,0,1
1,2024-11-19 15:51:03.000,afternoon,59.2,62.0,93.37,63.05,0,30.0,0,0.0,148,2,0,0
1,2024-11-19 15:50:18.000,afternoon,72.8,72.8,98.39,75.93,0,30.0,0,0.0,182,0,0,0
1,2024-11-19 15:34:57.000,afternoon,53.6,60.8,91.25,72.47,0,30.0,0,0.0,134,3,1,0
1,2024-11-19 15:34:25.000,afternoon,60.0,70.39,93.26,72.85,0,30.0,0,0.0,150,4,1,1
1,2024-11-19 15:33:53.000,afternoon,59.19,64.39,91.28,65.14,0,30.0,0,0.0,148,2,0,1
1,2024-11-19 15:33:12.000,afternoon,77.59,77.59,97.99,77.48,1,30.0,0,24.96,194,0,0,0
1,2024-11-19 09:09:13.000,morning,53.59,64.39,90.24,70.61,0,30.0,0,0.0,134,9,0,0
1,2024-11-19 09:08:41.000,morning,66.8,66.8,97.09,68.82,0,30.0,0,0.0,167,0,0,0
1,2024-11-16 19:14:33.000,evening,58.38,65.58,94.58,79.8,1,30.01,0,3.33,146,3,0,1
1,2024-11-16 19:13:51.000,evening,66.79,66.79,97.67,72.26,1,30.01,0,7.45,167,0,0,0
1,2024-11-16 18:57:31.000,evening,56.39,61.19,94.3,62.06,1,30.01,0,16.78,141,2,0,0
1,2024-11-16 18:56:25.000,evening,62.38,65.58,95.83,74.08,1,30.01,0,12.33,156,2,0,0
1,2024-11-16 14:36:15.000,afternoon,65.19,65.19,98.2,71.91,0,30.0,0,0.0,163,0,0,0
1,2024-11-16 14:35:41.000,afternoon,50.39,57.58,89.74,57.49,0,30.01,0,0.0,126,1,0,3
1,2024-11-16 14:32:53.000,afternoon,56.79,63.19,93.25,65.19,0,30.0,1,0.0,142,3,0,0
1,2024-11-16 14:32:19.000,afternoon,70.78,72.38,97.3,76.66,1,30.01,0,11.28,177,0,0,1
1,2024-11-16 14:31:19.000,afternoon,59.59,65.59,93.02,41.77,0,30.0,1,0.0,149,3,0,2
1,2024-11-16 14:30:40.000,afternoon,50.4,55.6,89.86,64.54,0,30.0,0,0.0,126,4,0,1
1,2024-11-16 14:30:08.000,afternoon,59.59,62.79,95.09,59.79,1,30.01,0,3.2,149,1,0,0
1,2024-11-16 13:28:05.000,afternoon,66.8,67.2,95.98,72.42,1,30.0,0,19.28,167,1,0,0
1,2024-11-16 12:46:49.000,afternoon,75.2,78.0,97.47,62.98,0,30.0,1,0.0,188,1,0,0
1,2024-11-16 12:44:26.000,afternoon,56.37,59.17,88.48,64.64,0,30.01,0,0.0,141,1,2,0
1,2024-11-16 12:43:49.000,afternoon,79.6,83.2,96.71,78.38,0,30.0,0,0.0,199,1,0,1
1,2024-11-16 10:46:36.000,morning,65.99,67.19,95.98,70.68,0,30.0,0,0.0,165,0,0,1
1,2024-11-16 10:45:47.000,morning,81.6,81.6,99.51,76.68,0,30.0,0,0.0,204,0,0,0
1,2024-11-16 10:45:09.000,morning,67.2,70.4,94.05,67.02,1,30.0,0,18.48,168,2,0,0
1,2024-11-16 10:04:52.000,morning,57.97,63.17,92.35,71.07,1,30.02,0,8.35,145,2,0,1
1,2024-11-16 10:03:52.000,morning,61.6,68.0,91.16,66.18,0,30.0,0,0.0,154,3,1,1
1,2024-11-16 10:03:19.000,morning,66.79,71.59,95.6,77.51,0,30.0,0,0.0,167,2,2,0
1,2024-11-16 10:02:44.000,morning,64.78,69.18,93.3,74.96,0,30.01,0,0.0,162,5,1,1
1,2024-11-16 10:02:08.000,morning,62.8,70.4,97.73,72.97,1,30.0,0,6.79,157,1,0,2
1,2024-11-16 10:00:57.000,morning,53.99,62.39,91.36,65.0,0,30.01,0,0.0,135,4,0,1
1,2024-11-16 10:00:19.000,morning,63.19,70.79,93.92,75.99,0,30.0,0,0.0,158,4,0,1
1,2024-11-16 09:59:46.000,morning,73.17,73.17,98.39,74.88,0,30.01,0,0.0,183,0,0,0
1,2024-11-16 09:59:12.000,morning,69.99,69.99,96.69,70.83,0,30.0,0,0.0,175,0,0,0
1,2024-11-16 09:22:38.000,morning,61.59,63.59,93.9,67.37,1,30.01,0,23.98,154,3,1,0
1,2024-11-16 09:21:19.000,morning,68.78,73.98,94.71,72.16,0,30.01,0,0.0,172,3,0,1
1,2024-11-14 13:31:32.000,afternoon,56.4,58.4,93.51,65.26,0,30.0,0,0.0,141,1,0,0
1,2024-11-14 13:31:03.000,afternoon,60.4,63.6,95.06,70.3,0,30.0,0,0.0,151,4,0,1
1,2024-11-14 13:30:24.000,afternoon,50.8,60.0,89.74,70.46,0,30.0,0,0.0,127,6,0,1
1,2024-11-14 13:29:34.000,afternoon,66.4,71.6,95.05,71.16,0,30.0,0,0.0,166,4,0,0
1,2024-11-14 13:27:36.000,afternoon,74.4,74.4,98.41,75.7,0,30.0,0,0.0,186,0,0,0
1,2024-11-14 13:27:06.000,afternoon,61.19,67.59,94.8,63.18,0,30.0,0,0.0,153,3,0,0
1,2024-11-14 12:36:43.000,afternoon,58.38,62.37,94.41,68.65,0,30.01,0,0.0,146,2,0,1
1,2024-11-14 12:25:43.000,afternoon,58.4,61.2,93.25,60.07,0,30.0,0,0.0,146,1,0,0
1,2024-11-14 12:25:10.000,afternoon,69.98,70.78,96.17,65.53,0,30.01,0,0.0,175,1,0,0
1,2024-11-14 12:24:32.000,afternoon,51.19,55.59,91.95,53.43,0,30.0,2,0.0,128,3,0,0
1,2024-11-14 12:23:37.000,afternoon,72.79,73.99,98.92,76.66,0,30.0,0,0.0,182,1,0,0
1,2024-11-14 12:23:00.000,afternoon,73.6,73.6,98.92,70.15,1,30.0,0,23.16,184,0,0,0
1,2024-11-14 11:49:39.000,morning,73.59,73.59,97.37,69.13,0,30.0,0,0.0,184,0,0,0
1,2024-11-14 11:49:04.000,morning,72.4,73.6,95.81,72.06,0,30.0,0,0.0,181,1,0,0
1,2024-11-14 11:48:32.000,morning,65.19,65.99,94.83,66.87,0,30.01,0,0.0,163,0,0,1
1,2024-11-14 11:16:32.000,morning,60.0,66.0,95.86,75.11,0,30.0,0,0.0,150,2,0,0
1,2024-11-14 11:15:57.000,morning,62.4,65.6,96.43,63.24,0,30.0,0,0.0,156,1,0,0
1,2024-11-13 13:14:32.000,afternoon,67.6,69.59,94.59,71.58,0,30.0,0,0.0,169,1,0,0
1,2024-11-13 13:13:42.000,afternoon,73.99,75.99,96.91,73.9,0,30.0,0,0.0,185,1,0,0
1,2024-11-13 11:58:16.000,morning,74.4,76.4,98.44,78.81,0,30.0,0,0.0,186,1,0,0
1,2024-11-13 11:54:29.000,morning,66.8,66.8,96.53,70.75,0,30.0,0,0.0,167,0,0,0
1,2024-11-13 11:54:00.000,morning,75.98,77.98,96.02,73.26,0,30.01,0,0.0,190,1,0,0
1,2024-11-13 11:46:44.000,morning,70.0,74.4,92.86,69.46,0,30.0,0,0.0,175,2,0,0
1,2024-11-13 11:45:04.000,morning,56.38,61.98,91.98,58.18,0,30.01,0,0.0,141,4,0,1
1,2024-11-13 11:44:24.000,morning,58.8,69.2,92.74,61.44,0,30.0,0,0.0,147,3,0,2
1,2024-11-13 08:48:13.000,morning,55.59,63.19,90.42,69.35,3,30.0,0,43.92,139,5,0,1
1,2024-11-13 08:39:26.000,morning,18.8,25.2,75.0,26.57,1,30.0,3,23.01,47,7,2,0
1,2024-11-13 08:38:05.000,morning,69.59,73.58,96.79,73.58,0,30.01,0,0.0,174,1,1,0
1,2024-11-12 15:59:34.000,afternoon,64.8,65.6,95.32,71.3,0,30.0,0,0.0,162,0,0,2
1,2024-11-12 15:58:59.000,afternoon,63.2,63.2,98.75,68.14,1,30.0,0,17.34,158,0,0,0
1,2024-11-12 14:57:47.000,afternoon,61.98,64.38,96.41,63.0,2,30.01,1,18.4,155,0,0,1
1,2024-11-12 14:47:34.000,afternoon,46.79,56.78,87.5,67.8,0,30.01,0,0.0,117,7,1,1
1,2024-11-12 14:46:37.000,afternoon,57.99,67.59,89.77,63.52,1,30.0,0,18.32,145,6,1,0
1,2024-11-12 14:21:33.000,afternoon,62.4,67.6,96.51,72.26,0,30.0,0,0.0,156,1,0,1
1,2024-11-12 14:21:00.000,afternoon,68.39,73.99,92.02,77.46,0,30.0,0,0.0,171,9,1,1
1,2024-11-12 14:18:49.000,afternoon,65.18,65.18,98.2,66.34,0,30.01,1,0.0,163,0,0,0
1,2024-11-12 13:34:49.000,afternoon,71.19,74.38,97.37,74.76,0,30.01,0,0.0,178,1,0,0
1,2024-11-12 12:07:35.000,afternoon,52.4,56.0,89.33,62.78,0,30.0,0,0.0,131,3,0,0
1,2024-11-12 12:07:01.000,afternoon,65.59,68.39,96.59,68.35,0,30.01,0,0.0,164,1,0,1
1,2024-11-12 10:23:16.000,morning,70.39,73.99,95.26,72.86,0,30.0,0,30.01,176,4,0,0
1,2024-11-12 10:22:08.000,morning,53.19,61.19,90.51,60.82,0,30.0,2,0.0,133,5,1,1
1,2024-11-12 10:21:35.000,morning,67.2,67.2,97.11,68.44,1,30.0,0,18.01,168,0,0,0
1,2024-11-12 10:20:08.000,morning,62.0,66.0,93.6,66.63,0,30.0,0,0.0,155,2,0,1
1,2024-11-12 10:19:19.000,morning,60.8,64.0,93.49,62.09,0,30.0,1,0.0,152,1,0,0
1,2024-11-12 10:15:37.000,morning,67.59,67.59,97.14,68.37,0,30.0,0,0.0,169,0,0,0
1,2024-11-12 09:50:25.000,morning,57.17,66.37,92.94,72.16,0,30.02,0,0.0,143,4,0,1
1,2024-11-12 09:49:51.000,morning,59.2,64.0,92.4,69.23,0,30.0,0,0.0,148,3,0,1
1,2024-11-12 09:49:08.000,morning,71.99,71.99,96.26,74.91,2,30.0,0,34.93,180,0,0,0
1,2024-11-12 08:49:34.000,morning,69.99,69.99,97.22,74.18,0,30.0,0,0.0,175,0,0,0
1,2024-11-12 08:48:56.000,morning,60.0,63.6,91.07,66.57,0,30.0,0,0.0,150,4,1,0
1,2024-11-12 07:37:53.000,morning,56.77,58.77,94.77,59.41,0,30.02,0,0.0,142,0,1,0
1,2024-11-12 07:37:20.000,morning,76.0,77.2,98.46,80.24,0,30.0,0,0.0,190,0,0,1
1,2024-11-12 07:35:48.000,morning,71.6,73.6,96.28,71.48,0,30.0,0,0.0,179,2,0,0
1,2024-11-12 07:35:15.000,morning,65.59,71.19,91.8,71.81,0,30.01,0,0.0,164,7,1,1
1,2024-11-12 07:34:36.000,morning,58.4,60.4,93.75,60.59,0,30.0,0,0.0,146,1,0,2
1,2024-11-12 07:33:37.000,morning,60.8,65.6,95.27,66.49,0,30.0,0,0.0,152,2,0,0
1,2024-11-12 07:33:01.000,morning,63.2,68.8,93.22,71.86,0,30.0,0,0.0,158,5,1,0
1,2024-11-12 07:31:26.000,morning,63.19,69.99,93.33,71.13,0,30.01,0,0.0,158,4,1,0
1,2024-11-12 07:30:52.000,morning,71.59,73.99,94.21,74.43,0,30.01,0,0.0,179,4,1,0
1,2024-11-12 07:29:56.000,morning,67.19,70.39,94.57,70.02,0,30.0,0,0.0,168,0,1,0
1,2024-11-12 07:29:09.000,morning,75.17,78.37,97.0,54.18,0,30.01,1,0.0,188,1,0,0
1,2024-11-12 05:21:25.000,morning,70.79,76.39,97.41,77.06,1,30.0,0,21.99,177,1,0,1
1,2024-11-12 05:10:24.000,morning,59.17,69.97,90.4,67.15,0,30.01,0,0.0,148,9,1,2
1,2024-11-12 05:09:50.000,morning,74.39,79.59,95.54,74.58,1,30.01,0,25.44,186,3,1,1
1,2024-11-12 05:08:25.000,morning,66.79,74.78,94.71,70.69,1,30.01,0,3.09,167,4,0,2
1,2024-11-11 15:50:27.000,afternoon,73.16,76.36,96.88,79.59,0,30.01,0,0.0,183,3,1,0
1,2024-11-11 15:49:54.000,afternoon,66.38,69.97,95.0,67.8,2,30.01,0,26.77,166,3,0,0
1,2024-11-11 15:46:54.000,afternoon,72.8,72.8,97.85,78.2,0,30.0,0,0.0,182,0,0,0
1,2024-11-11 15:46:11.000,afternoon,62.78,69.57,93.79,75.5,0,30.01,0,0.0,157,5,0,2
1,2024-11-11 15:45:38.000,afternoon,57.19,64.79,92.4,67.93,1,30.0,0,24.43,143,1,1,2
1,2024-11-11 13:53:47.000,afternoon,80.4,80.4,98.53,77.41,0,30.0,0,0.0,201,0,0,0
1,2024-11-11 13:53:13.000,afternoon,64.4,72.79,94.12,72.0,0,30.0,0,0.0,161,3,0,1
1,2024-11-11 13:52:39.000,afternoon,76.78,79.18,97.0,74.21,0,30.01,0,0.0,192,3,0,0
1,2024-11-11 13:41:40.000,afternoon,65.57,69.17,94.41,69.56,0,30.01,0,0.0,164,3,0,1
1,2024-11-11 13:41:06.000,afternoon,67.19,69.19,95.58,71.14,0,30.01,0,0.0,168,1,0,0
1,2024-11-11 13:40:31.000,afternoon,77.6,79.2,97.51,75.58,0,30.0,0,0.0,194,1,0,1
1,2024-11-11 12:40:22.000,afternoon,60.39,63.59,95.18,72.5,1,30.0,0,9.89,151,0,1,0
1,2024-11-11 12:25:16.000,afternoon,72.0,74.8,98.4,81.15,1,30.0,0,1.94,180,0,1,0
1,2024-11-11 12:08:03.000,afternoon,68.8,70.8,97.78,67.52,1,30.0,0,25.52,172,0,0,1
1,2024-11-11 12:05:38.000,afternoon,73.17,78.37,96.48,74.04,0,30.01,0,0.0,183,2,0,0
1,2024-11-11 12:04:25.000,afternoon,65.99,65.99,96.49,69.9,1,30.0,0,1.6,165,0,0,0
1,2024-11-11 12:03:40.000,afternoon,62.79,64.79,95.27,64.96,0,30.0,0,0.0,157,1,0,0
1,2024-11-11 11:49:48.000,morning,62.4,70.0,93.89,70.5,0,30.0,0,0.0,156,3,0,0
1,2024-11-11 11:49:13.000,morning,64.39,67.59,93.3,67.2,0,30.0,0,0.0,161,1,0,0
1,2024-11-11 11:48:39.000,morning,64.4,72.0,89.84,70.81,0,30.0,0,0.0,161,8,1,0
1,2024-11-11 11:48:02.000,morning,67.99,70.39,96.09,75.34,0,30.0,0,0.0,170,2,0,1
1,2024-11-11 11:47:27.000,morning,71.18,79.98,94.58,81.04,0,30.01,0,0.0,178,5,0,0
1,2024-11-11 11:46:54.000,morning,65.97,71.97,94.12,68.27,0,30.01,0,0.0,165,3,0,0
1,2024-11-11 11:46:20.000,morning,73.2,78.4,95.5,73.36,1,30.0,0,37.65,183,3,0,1
1,2024-11-11 11:44:39.000,morning,73.19,76.39,97.41,73.78,0,30.0,0,0.0,183,2,0,0
1,2024-11-11 11:44:06.000,morning,65.99,69.59,94.44,69.27,1,30.0,0,1.64,165,3,0,0
1,2024-11-11 09:00:17.000,morning,75.16,77.96,96.48,76.81,1,30.01,0,5.14,188,3,0,0
1,2024-11-10 08:38:22.000,morning,66.79,72.39,94.05,74.85,0,30.0,0,0.0,167,4,0,0
1,2024-11-10 08:37:48.000,morning,62.8,70.8,91.06,76.91,0,30.0,0,0.0,157,10,0,3
1,2024-11-10 08:37:10.000,morning,56.8,58.8,95.42,63.73,0,30.0,0,0.0,142,1,0,0
1,2024-11-10 08:36:37.000,morning,69.56,71.56,95.68,73.83,0,30.02,0,0.0,174,1,0,0
